{
  "parent": "ruinedme:recipes/root",
  "rewards": {
    "recipes": [
      "ruinedme:smelt_rotten_flesh"
    ]
  },
  "criteria": {
    "has_rotten_flesh": {
      "trigger": "minecraft:inventory_changed",
      "conditions": {
        "items": [
          {
            "item": "minecraft:rotten_flesh"
          }
        ]
      }
    },
    "has_the_recipe": {
      "trigger": "minecraft:recipe_unlocked",
      "conditions": {
        "recipe": "ruinedme:smelt_rotten_flesh"
      }
    }
  },
  "requirements": [
    [
      "has_rotten_flesh",
      "has_the_recipe"
    ]
  ]
}