{
	"parent": "skyblock:wood/gate",
  	"display": {
    "icon": {
      "item": "minecraft:birch_log"
    },
    "title": "I need moar wood!",
    "description": "Collect 50 birch logs",
    "frame": "task",
    "show_toast": true,
    "announce_to_chat": false,
    "hidden": false
  },
  "criteria": {
    "get_wood": {
      "trigger": "minecraft:inventory_changed",
      "conditions": {
         "items": [
          {
            "item": "minecraft:birch_log",
            "count":{
            	"min":50
            }
          }
        ]
      }
    }
  }
}