{
	"parent": "skyblock:wood/sign",
  	"display": {
    "icon": {
      "item": "minecraft:ladder"
    },
    "title": "The sky's the limit!",
    "description": "Craft 20 ladders",
    "frame": "task",
    "show_toast": true,
    "announce_to_chat": false,
    "hidden": false
  },
  "criteria": {
    "get_wood": {
      "trigger": "minecraft:inventory_changed",
      "conditions": {
         "items": [
          {
            "item": "minecraft:ladder",
            "count":{
            	"min":20
            }
          }
        ]
      }
    }
  }
}