{
	"parent": "skyblock:wood/ladder",
  	"display": {
    "icon": {
      "item": "minecraft:oak_trapdoor"
    },
    "title": "It's a trap!",
    "description": "Craft 10 trapdoors",
    "frame": "task",
    "show_toast": true,
    "announce_to_chat": false,
    "hidden": false
  },
  "criteria": {
    "get_wood": {
      "trigger": "minecraft:inventory_changed",
      "conditions": {
         "items": [
          {
            "tag": "skyblock:trapdoors",
            "count":{
            	"min":10
            }
          }
        ]
      }
    }
  }
}