{
	"parent": "skyblock:wood/trapdoor",
  	"display": {
    "icon": {
      "item": "minecraft:oak_pressure_plate"
    },
    "title": "I think i stepped on something...",
    "description": "Craft 10 wooden pressure plates",
    "frame": "task",
    "show_toast": true,
    "announce_to_chat": false,
    "hidden": false
  },
  "criteria": {
    "get_wood": {
      "trigger": "minecraft:inventory_changed",
      "conditions": {
         "items": [
          {
            "tag": "minecraft:wooden_pressure_plates",
            "count":{
            	"min":10
            }
          }
        ]
      }
    }
  }
}