{
  "parent": "ruinedme:recipes/root",
  "rewards": {
    "recipes": [
      "ruinedme:spruce_slab2plank"
    ]
  },
  "criteria": {
    "has_slab": {
      "trigger": "minecraft:inventory_changed",
      "conditions": {
        "items": [
          {
            "item": "minecraft:spruce_slab"
          }
        ]
      }
    },
    "has_the_recipe": {
      "trigger": "minecraft:recipe_unlocked",
      "conditions": {
        "recipe": "ruinedme:spruce_slab2plank"
      }
    }
  },
  "requirements": [
    [
      "has_slab",
      "has_the_recipe"
    ]
  ]
}