{
	"parent": "skyblock:wood/woodplate",
  	"display": {
    "icon": {
      "item": "minecraft:oak_fence"
    },
    "title": "We need to build a... fence",
    "description": "Craft 20 fences",
    "frame": "task",
    "show_toast": true,
    "announce_to_chat": false,
    "hidden": false
  },
  "criteria": {
    "get_wood": {
      "trigger": "minecraft:inventory_changed",
      "conditions": {
         "items": [
          {
            "tag": "skyblock:fences",
            "count":{
            	"min":20
            }
          }
        ]
      }
    }
  }
}