{
	"parent": "skyblock:wood",
  	"display": {
    "icon": {
      "item": "minecraft:lever"
    },
    "title": "Clever lever",
    "description": "Craft 10 levers",
    "frame": "task",
    "show_toast": true,
    "announce_to_chat": false,
    "hidden": false
  },
  "criteria": {
    "get_wood": {
      "trigger": "minecraft:inventory_changed",
      "conditions": {
         "items": [
          {
            "item": "minecraft:lever",
            "count":{
            	"min":10
            }
          }
        ]
      }
    }
  }
}