{
  "parent": "skyblock:root",
  "display": {
    "icon": {
      "item": "minecraft:red_nether_bricks"
    },
    "title": "Get to the Nether!",
    "description": "I totally didn't copy this",
    "frame": "task",
    "show_toast": true,
    "announce_to_chat": false,
    "hidden": false,
    "background": "minecraft:textures/gui/advancements/backgrounds/nether.png"
  },
  "criteria": {
    "entered_nether": {
      "trigger": "minecraft:changed_dimension",
      "conditions": {
        "to": "the_nether"
      }
    }
  },
  "requirements": [
    [
      "entered_nether"
    ]
  ]
}