{
  "parent": "skyblock:root",
  "display": {
    "icon": {
      "item": "minecraft:cobblestone"
    },
    "title": "Build a Cobblestone Generator",
    "description": "Mine stone with a pick",
    "frame": "task",
    "show_toast": true,
    "announce_to_chat": false,
    "hidden": false
  },
  "criteria": {
    "get_stone": {
      "trigger": "minecraft:inventory_changed",
      "conditions": {
        "items": [
          {
            "item": "minecraft:cobblestone"
          }
        ]
      }
    }
  },
  "requirements": [
    [
      "get_stone"
    ]
  ]
}