{
  "parent": "skyblock:root",
  "display": {
    "icon": {
      "item": "minecraft:end_portal_frame"
    },
    "title": "Time to fight the dragon!",
    "description": "Be careful where you place these",
    "frame": "task",
    "show_toast": true,
    "announce_to_chat": false,
    "hidden": true
  },
  "criteria": {
    "get_stone": {
      "trigger": "minecraft:inventory_changed",
      "conditions": {
        "items": [
          {
            "item": "minecraft:ender_eye",
            "count":12
          }
        ]
      }
    }
  },
  "requirements": [
    [
      "get_stone"
    ]
  ],
  "rewards":{
  	"function":"skyblock:end"
  }
}