{
	"parent": "skyblock:root",
  	"display": {
    "icon": {
      "item": "minecraft:oak_log"
    },
    "title": "Gettin' wood",
    "description": "Punch and collect some wood",
    "frame": "task",
    "show_toast": true,
    "announce_to_chat": false,
    "hidden": false
  },
  "criteria": {
    "get_wood": {
      "trigger": "minecraft:inventory_changed",
      "conditions": {
        "items": [
          {
            "tag": "minecraft:logs"
          }
        ]
      }
    }
  }
}