{
	"parent": "skyblock:item/cactus_green",
  	"display": {
    "icon": {
      "item": "minecraft:glass_pane"
    },
    "title": "Don't break them",
    "description": "Craft 16 glass panes",
    "frame": "task",
    "show_toast": true,
    "announce_to_chat": false,
    "hidden": false
  },
  "criteria": {
    "get_stone": {
      "trigger": "minecraft:inventory_changed",
      "conditions": {
        "items": [
          {
           "item": "minecraft:glass_pane",
           "count":{
            	"min":16
            }
          }
        ]
      }
    }
  }
}