{
	"parent": "skyblock:stone/glass_pane",
  	"display": {
    "icon": {
      "item": "minecraft:gold_ingot"
    },
    "title": "Oooh shiny",
    "description": "Craft 5 gold ingots",
    "frame": "task",
    "show_toast": true,
    "announce_to_chat": false,
    "hidden": false
  },
  "criteria": {
    "get_stone": {
      "trigger": "minecraft:inventory_changed",
      "conditions": {
        "items": [
          {
            "item": "minecraft:gold_ingot",
            "count":{
            	"min":5
            }
          }
        ]
      }
    }
  }
}