{
	"parent": "skyblock:stone/torch",
  	"display": {
    "icon": {
      "item": "minecraft:stone_bricks"
    },
    "title": "Shes a brick... house!",
    "description": "Craft 64 stone bricks",
    "frame": "task",
    "show_toast": true,
    "announce_to_chat": false,
    "hidden": false
  },
  "criteria": {
    "get_stone": {
      "trigger": "minecraft:inventory_changed",
      "conditions": {
        "items": [
          {
           "item": "minecraft:stone_bricks",
           "count":{
            	"min":64
            }
          }
        ]
      }
    }
  }
}