{
	"parent": "skyblock:stone/stonebrick",
  	"display": {
    "icon": {
      "item": "minecraft:stone_slab"
    },
    "title": "Slabbie Jabbies",
    "description": "Craft 30 stone slabs",
    "frame": "task",
    "show_toast": true,
    "announce_to_chat": false,
    "hidden": false
  },
  "criteria": {
    "get_stone": {
      "trigger": "minecraft:inventory_changed",
      "conditions": {
        "items": [
          {
            "item": "minecraft:stone_slab",
           "count":{
            	"min":30
            }
          }
        ]
      }
    }
  }
}