{
	"parent": "skyblock:stone/stairs",
  	"display": {
    "icon": {
      "item": "minecraft:torch"
    },
    "title": "Lighting the way",
    "description": "Craft 20 torches",
    "frame": "task",
    "show_toast": true,
    "announce_to_chat": false,
    "hidden": false
  },
  "criteria": {
    "get_stone": {
      "trigger": "minecraft:inventory_changed",
      "conditions": {
        "items": [
          {
            "item": "minecraft:torch",
            "count":{
            	"min":20
            }
          }
        ]
      }
    }
  }
}