{
	"parent": "skyblock:item/orange_wool",
  	"display": {
    "icon": {
      "item": "minecraft:red_bed"
    },
    "title": "nap time",
    "description": "Craft a bed",
    "frame": "task",
    "show_toast": true,
    "announce_to_chat": false,
    "hidden": false
  },
  "criteria": {
    "get_stone": {
      "trigger": "minecraft:inventory_changed",
      "conditions": {
        "items": [
          {
            "tag": "skyblock:beds",
            "count":{
            	"min":1
            }
          }
        ]
      }
    }
  }
}