{
	"parent": "skyblock:item/mushroom_stew",
  	"display": {
    "icon": {
      "item": "minecraft:bone_meal"
    },
    "title": "Grinding bones to dust",
    "description": "Collect 64 Bone Meal",
    "frame": "task",
    "show_toast": true,
    "announce_to_chat": false,
    "hidden": false
  },
  "criteria": {
    "get_stone": {
      "trigger": "minecraft:inventory_changed",
      "conditions": {
        "items": [
          {
            "item": "minecraft:bone_meal",
            "count":{
            	"min":64
            }
          }
        ]
      }
    }
  }
}