{
	"parent": "skyblock:farm",
  	"display": {
    "icon": {
      "item": "minecraft:bread"
    },
    "title": "I always wanted to be a baker",
    "description": "Bake 10 bread",
    "frame": "task",
    "show_toast": true,
    "announce_to_chat": false,
    "hidden": false
  },
  "criteria": {
    "get_stone": {
      "trigger": "minecraft:inventory_changed",
      "conditions": {
        "items": [
          {
            "item": "minecraft:bread",
            "count":{
            	"min":10
            }
          }
        ]
      }
    }
  }
}