{
	"parent": "skyblock:item/bonemeal",
  	"display": {
    "icon": {
      "item": "minecraft:ender_pearl"
    },
    "title": "Throw one into the void",
    "description": "Collect 10 Ender Pearls",
    "frame": "task",
    "show_toast": true,
    "announce_to_chat": false,
    "hidden": false
  },
  "criteria": {
    "get_stone": {
      "trigger": "minecraft:inventory_changed",
      "conditions": {
        "items": [
          {
            "item": "minecraft:ender_pearl",
            "count":{
            	"min":10
            }
          }
        ]
      }
    }
  }
}