{
	"parent": "skyblock:item/gray_wool",
  	"display": {
    "icon": {
      "item": "minecraft:light_gray_wool"
    },
    "title": "Wool",
    "description": "Craft 10 light_gray Wool",
    "frame": "task",
    "show_toast": true,
    "announce_to_chat": false,
    "hidden": false
  },
  "criteria": {
    "get_stone": {
      "trigger": "minecraft:inventory_changed",
      "conditions": {
        "items": [
          {
            "item": "minecraft:light_gray_wool",
            "count":{
            	"min":10
            }
          }
        ]
      }
    }
  }
}