{
  "parent": "ruinedme:recipes/root",
  "rewards": {
    "recipes": [
      "ruinedme:bulk_chests"
    ]
  },
  "criteria": {
    "has_logs": {
      "trigger": "minecraft:inventory_changed",
      "conditions": {
        "items": [
			    {"tag":"minecraft:logs"}
		    ]
      }
    },
    "has_the_recipe": {
      "trigger": "minecraft:recipe_unlocked",
      "conditions": {
        "recipe": "ruinedme:bulk_chests"
      }
    }
  },
  "requirements": [
    [
      "has_logs",
      "has_the_recipe"
    ]
  ]
}