{
	"parent": "skyblock:item/cooked_fish",
  	"display": {
    "icon": {
      "item": "minecraft:cactus_green"
    },
    "title": "I'm sure you can use this",
    "description": "Craft 10 cactus green dye",
    "frame": "task",
    "show_toast": true,
    "announce_to_chat": false,
    "hidden": false
  },
  "criteria": {
    "get_stone": {
      "trigger": "minecraft:inventory_changed",
      "conditions": {
        "items": [
          {
            "item": "minecraft:cactus_green",
            "count":{
            	"min":10
            }
          }
        ]
      }
    }
  }
}