{
	"parent": "skyblock:stone/furnace",
  	"display": {
    "icon": {
      "item": "minecraft:cooked_cod"
    },
    "title": "It's not meat!",
    "description": "Cook 10 fish",
    "frame": "task",
    "show_toast": true,
    "announce_to_chat": false,
    "hidden": false
  },
  "criteria": {
    "get_stone": {
      "trigger": "minecraft:inventory_changed",
      "conditions": {
        "items": [
          {
            "tag": "skyblock:fishes",
            "count":{
            	"min":10
            }
          }
        ]
      }
    }
  }
}