{
	"parent": "skyblock:stone",
  	"display": {
    "icon": {
      "item": "minecraft:furnace"
    },
    "title": "Something is smelty here..",
    "description": "Build and Place a Furnace",
    "frame": "task",
    "show_toast": true,
    "announce_to_chat": false,
    "hidden": false
  },
   "criteria": {
       "example": {
           "trigger": "minecraft:placed_block",
           "conditions": {
               "block": "minecraft:furnace",
               "item": {
                   "item": "minecraft:furnace"
               }
           }
       }
   }
}