{
	"parent": "skyblock:stone/stonebutton",
  	"display": {
    "icon": {
      "item": "minecraft:stone_pressure_plate"
    },
    "title": "Watch your step...",
    "description": "Craft 10 stone pressure plates",
    "frame": "task",
    "show_toast": true,
    "announce_to_chat": false,
    "hidden": false
  },
  "criteria": {
    "get_stone": {
      "trigger": "minecraft:inventory_changed",
      "conditions": {
        "items": [
          {
            "item": "minecraft:stone_pressure_plate",
           "count":{
            	"min":10
            }
          }
        ]
      }
    }
  }
}